date,open,high,low,close,volume
2014-01-02,17.2122,17.2562,17.1057,17.2269,4439549
2014-01-03,17.1975,17.2343,16.9625,16.9698,4815938
2014-01-06,17.0212,17.0433,16.8707,16.9919,5085303
2014-01-07,17.0506,17.2313,16.9772,17.1755,4345006
2014-01-08,17.1534,17.2489,16.9919,17.1387,5382959
2014-01-09,17.1387,17.2672,17.0873,17.2636,4450429
2014-01-10,17.3223,17.4031,17.1755,17.2342,7752800
2014-01-13,16.7642,16.9257,16.2649,16.3016,13523675
2014-01-14,16.353,16.4999,16.1988,16.309,8223425
2014-01-15,16.3383,16.8744,16.3163,16.8377,9104044
2014-01-16,16.8817,17.1938,16.823,16.9552,7495934
2014-01-17,16.9552,17.1755,16.8524,17.0873,6856307
2014-01-21,17.1241,17.2048,16.9845,17.1094,5674805
2014-01-22,17.0947,17.3884,17.0359,17.3443,6258100
2014-01-23,17.2195,17.3957,17.2048,17.3443,7558764
2014-01-24,17.3223,17.3223,17.0947,17.1094,6865108
2014-01-27,17.1167,17.2048,16.801,16.8083,7857320
2014-01-28,16.9552,17.2819,16.823,17.1094,7896141
2014-01-29,16.9258,17.8216,16.9258,17.7335,15866945
2014-01-30,16.6321,16.8891,15.9124,16.4338,22854876
2014-01-31,16.1988,16.2943,15.7215,15.7215,15113595
2014-02-03,15.6628,15.7142,15.1855,15.2369,12470264
2014-02-04,15.3691,15.4058,14.9725,14.9909,12517820
2014-02-05,14.9652,15.1561,14.9432,15.0827,9493950
2014-02-06,15.046,15.1855,14.9138,15.0313,7224823
2014-02-07,15.1561,15.3764,15.0753,15.347,7659457
2014-02-10,15.2516,15.4205,15.2369,15.3397,5622010
2014-02-11,15.3544,15.6481,15.347,15.5893,8004725
2014-02-12,15.7225,15.8556,15.5376,15.6929,5619240
2014-02-13,15.5819,15.8408,15.5524,15.7964,6851479
2014-02-14,15.7742,15.8408,15.6781,15.789,5310473
2014-02-18,15.6115,15.7446,15.2861,15.3009,8374843
2014-02-19,15.3675,15.3675,15.1604,15.19,7849762
2014-02-20,15.3464,15.3613,15.1602,15.2794,6842917
2014-02-21,15.3464,15.3539,15.1378,15.2943,8265400
2014-02-24,15.3315,15.637,15.2719,15.5252,6568223
2014-02-25,15.5401,15.678,15.4358,15.4805,7491877
2014-02-26,15.6072,15.9052,15.5923,15.8381,7850204
2014-02-27,15.8754,16.0169,15.7711,16.0169,4969298
2014-02-28,15.9499,16.2702,15.8791,16.002,4901533
2014-03-03,15.853,15.9573,15.7361,15.935,5960870
2014-03-04,15.9201,16.0989,15.6146,15.6444,8850687
2014-03-05,15.6444,15.6817,15.4507,15.6146,6463891
2014-03-06,15.6966,15.7487,15.4805,15.4954,6477570
2014-03-07,15.5699,15.6146,15.2496,15.339,7878611
2014-03-10,15.3911,15.4284,15.231,15.3166,6041153
2014-03-11,15.257,15.339,15.1453,15.2421,6778107
2014-03-12,15.1602,15.3129,15.1602,15.2645,7616057
2014-03-13,15.3986,15.3986,14.9069,14.9367,13193486
2014-03-14,14.9367,15.1974,14.9069,15.0186,7875644
2014-03-17,15.1751,15.1974,15.0261,15.1229,7435271
2014-03-18,15.1825,15.4507,15.1229,15.2795,8823003
2014-03-19,15.257,15.4433,15.149,15.3315,5233608
2014-03-20,15.2496,15.6444,15.2049,15.5737,8372593
2014-03-21,13.9384,13.9533,13.3723,13.5585,60896172
2014-03-24,13.782,14.2513,13.7149,14.2215,22656976
2014-03-25,14.2886,14.6313,14.1172,14.1992,13451853
2014-03-26,14.2886,14.4488,13.9459,13.998,12925461
2014-03-27,14.0204,14.7058,13.9682,14.3556,17632292
2014-03-28,14.4972,14.8697,14.4748,14.743,12994929
2014-03-31,14.7132,14.9144,14.5791,14.8771,15665302
2014-04-01,14.8324,15.0485,14.7505,15.0336,8309770
2014-04-02,15.2272,15.2272,14.825,14.9069,10722951
2014-04-03,14.9665,14.9889,14.8324,14.9218,8315510
2014-04-04,15.0112,15.4209,14.8883,15.0857,20170629
2014-04-07,15.0112,15.3017,14.8995,15.2049,13909719
2014-04-08,15.2049,15.4694,15.1974,15.3762,11252942
2014-04-09,15.3166,15.4717,15.2868,15.3762,8630761
2014-04-10,15.3241,15.4209,15.108,15.1937,11193391
2014-04-11,14.9069,15.1006,14.892,14.9069,9219760
2014-04-14,15.0559,15.3911,15.0149,15.3464,7913853
2014-04-15,15.3315,15.5476,15.0112,15.4656,15211690
2014-04-16,15.5625,15.5699,15.3166,15.406,5303089
2014-04-17,15.3464,15.4582,15.2943,15.4284,6510544
2014-04-21,15.4433,15.5588,15.406,15.5029,4387106
2014-04-22,15.4507,15.5327,15.339,15.3464,6735949
2014-04-23,15.2645,15.4098,15.0633,15.3762,4560167
2014-04-24,15.4433,15.4954,15.2421,15.3241,5016936
2014-04-25,15.2719,15.2943,15.0745,15.108,5479793
2014-04-28,15.1676,15.19,14.892,14.9516,6715262
2014-04-29,14.9591,15.2496,14.9069,15.0186,5141591
2014-04-30,14.9963,15.1378,14.8987,15.108,6351681
2014-05-01,15.1378,15.1825,14.9591,15.0186,4110320
2014-05-02,15.0931,15.2123,14.9963,15.1751,4904225
2014-05-05,15.0708,15.0857,14.9367,14.974,4161412
2014-05-06,14.9367,15.1267,14.9367,14.9665,4070193
2014-05-07,14.9814,15.0783,14.8995,15.0633,5471941
2014-05-08,15.0633,15.3464,14.9293,14.9963,6742492
2014-05-09,15.6072,15.7711,15.3315,15.488,12396482
2014-05-12,15.4954,15.9424,15.4954,15.8381,5541544
2014-05-13,15.7636,15.8456,15.637,15.8307,5210573
2014-05-14,15.8605,15.9946,15.7934,15.9499,3737594
2014-05-15,16.1138,16.6501,16.0169,16.6203,15418837
2014-05-16,16.4713,16.8513,16.3969,16.7172,11711566
2014-05-19,16.5756,16.7656,16.5086,16.6874,4839308
2014-05-20,16.7172,16.7246,16.233,16.4564,10135237
2014-05-21,16.5533,16.5831,16.4564,16.516,6821189
2014-05-22,16.4937,16.5756,16.3894,16.5533,5485504
2014-05-23,16.5756,16.6203,16.4267,16.5905,7261734
2014-05-27,16.6501,17.0301,16.6054,16.747,8526464
2014-05-28,16.6799,16.7693,16.3894,16.4341,6029961
2014-05-29,16.3745,16.6129,16.3522,16.516,6037362
2014-05-30,16.5905,16.5905,16.3075,16.382,6743285
2014-06-02,16.4639,16.4915,16.2479,16.2851,10506649
2014-06-03,16.1883,16.259,15.9871,16.1138,8601794
2014-06-04,16.0095,16.2032,15.9797,16.1063,5345990
2014-06-05,16.1063,16.1957,15.9797,15.9946,6123413
2014-06-06,16.1221,16.1821,16.0246,16.0396,7351454
2014-06-09,16.0846,16.1221,15.9503,16.0471,4651286
2014-06-10,15.9946,16.0471,15.8895,15.9721,6071695
2014-06-11,15.9646,16.2871,15.8033,15.9646,6133340
2014-06-12,15.957,16.1671,15.9345,15.9796,7312871
2014-06-13,16.0921,16.2871,15.9946,16.2796,6134992
2014-06-16,16.2121,16.2781,16.1409,16.1821,4524456
2014-06-17,16.1746,16.3322,16.0951,16.2796,3935666
2014-06-18,16.3247,16.4822,16.2571,16.4634,4925343
2014-06-19,16.5122,16.7898,16.4897,16.6097,5826757
2014-06-20,16.6698,16.6773,16.3922,16.6773,8171373
2014-06-23,16.6022,16.7373,16.4747,16.6547,3607451
2014-06-24,16.5947,16.8798,16.5872,16.7973,11439512
2014-06-25,16.7298,16.8723,16.6773,16.8198,5157940
2014-06-26,16.7973,16.9848,16.7523,16.9098,5734322
2014-06-27,16.8948,17.0824,16.8273,17.0824,13960429
2014-06-30,17.0599,17.2099,16.9473,17.1799,4798517
2014-07-01,16.9473,17.2437,16.9323,17.1649,5194879
2014-07-02,17.0974,17.1499,16.9998,17.0524,4590115
2014-07-03,17.0899,17.2999,17.0231,17.2849,3301458
2014-07-07,17.2174,17.2699,17.0824,17.1499,3373908
2014-07-08,17.1874,17.2174,16.8123,16.8198,7043393
2014-07-09,16.8648,17.0073,16.8498,16.9773,5131762
2014-07-10,16.8048,17.2774,16.7898,17.1274,9934288
2014-07-11,17.1274,17.1574,16.8873,16.9473,3825946
2014-07-14,16.9923,17.1424,16.8273,16.8761,5447863
2014-07-15,16.8948,17.2099,16.8948,17.1724,4480776
2014-07-16,17.2474,17.3524,17.1499,17.1874,4352498
2014-07-17,17.1649,17.4537,17.1124,17.3074,5107574
2014-07-18,17.3825,17.45,17.2842,17.405,4517412
2014-07-21,17.405,17.5925,17.3224,17.525,3918269
2014-07-22,17.525,17.6113,17.465,17.5775,3565056
2014-07-23,17.585,17.6375,17.405,17.6075,3665783
2014-07-24,17.69,17.9301,17.6375,17.9076,4259453
2014-07-25,17.8701,17.8851,17.6975,17.8776,3054146
2014-07-28,17.9151,18.0051,17.8251,17.9526,3944834
2014-07-29,17.9226,17.9901,17.7801,17.8401,3077245
2014-07-30,17.8551,18.0651,17.7834,18.0051,4408125
2014-07-31,17.8776,17.9226,17.7125,17.7501,5717432
2014-08-01,17.7351,17.7801,17.2999,17.3825,6846759
2014-08-04,17.3374,17.7426,17.2624,17.675,4388800
2014-08-05,17.675,17.9901,17.615,17.9451,7525461
2014-08-06,17.9076,17.9114,17.6075,17.8026,6899817
2014-08-07,18.3802,19.0179,17.8401,17.9826,9252845
2014-08-08,17.9601,18.0201,17.8326,17.9564,4669754
2014-08-11,17.9301,18.3052,17.9226,18.2227,5709080
2014-08-12,18.1552,18.2677,17.9376,18.0952,3865246
2014-08-13,18.2002,18.3127,18.0426,18.1964,5709753
2014-08-14,18.2302,18.354,18.1252,18.2602,3268668
2014-08-15,18.3577,18.3652,18.0051,18.1852,5112153
2014-08-18,18.1252,18.3277,18.0727,18.2902,4056798
2014-08-19,18.3652,18.5078,17.9976,18.1852,7325339
2014-08-20,18.2152,18.2977,18.1102,18.2152,5866929
2014-08-21,18.2677,18.3727,18.1852,18.2227,3646614
2014-08-22,18.2677,18.2902,18.0501,18.1477,4989871
2014-08-25,18.2232,18.2383,17.9967,18.1552,3480858
2014-08-26,18.2156,18.3741,18.1552,18.359,4884585
2014-08-27,18.3288,18.4295,18.2458,18.276,3845227
2014-08-28,18.2609,18.2722,18.1099,18.2383,3705227
2014-08-29,18.3364,18.359,18.2156,18.3288,2488814
2014-09-02,18.359,18.4119,18.2685,18.3288,6533050
2014-09-03,18.3288,18.4723,18.276,18.3364,5163197
2014-09-04,18.3515,18.4647,18.2987,18.3402,3025918
2014-09-05,18.3213,18.4194,18.2685,18.4119,3156492
2014-09-08,18.4345,18.5251,18.3364,18.3779,3007944
2014-09-09,18.3666,18.6384,18.3288,18.5289,4846365
2014-09-10,18.4723,18.6836,18.4081,18.6459,4596442
2014-09-11,18.6459,18.7667,18.5251,18.6987,5037651
2014-09-12,18.6686,18.6761,18.4421,18.5176,4970993
2014-09-15,18.1477,18.359,17.9816,18.2609,7377537
2014-09-16,18.3137,18.4308,18.2458,18.276,8198746
2014-09-17,18.3439,18.6036,18.2836,18.4949,4451431
2014-09-18,18.5251,18.5704,18.4496,18.5629,3046272
2014-09-19,18.6912,18.6912,18.359,18.4119,5187012
2014-09-22,18.3515,18.4949,18.2836,18.3137,3422859
2014-09-23,18.3137,18.3779,18.1628,18.193,3844977
2014-09-24,18.2383,18.2383,18.0193,18.2307,3659645
2014-09-25,18.2307,18.2836,17.8608,17.9137,4707534
2014-09-26,17.9288,17.9665,17.657,17.8004,4458863
2014-09-29,17.6268,17.74,17.5841,17.6759,5568214
2014-09-30,17.6721,17.8759,17.6045,17.7476,3882082
2014-10-01,17.7476,17.7778,17.3097,17.4003,5884158
2014-10-02,17.4381,17.669,17.3475,17.6268,3842543
2014-10-03,17.6343,17.7476,17.5589,17.657,4623238
2014-10-06,17.6872,17.8155,17.6721,17.7476,3169905
2014-10-07,17.657,17.7778,17.506,17.506,3043175
2014-10-08,18.0495,18.1477,17.5367,18.125,9161744
2014-10-09,18.0722,18.1025,17.6645,17.6947,3550254
2014-10-10,17.7023,17.7853,16.5397,16.5624,10443867
2014-10-13,16.3661,17.0606,16.351,16.7964,7799342
2014-10-14,16.9172,17.5966,16.8115,16.9587,6883519
2014-10-15,16.7285,16.9089,16.4227,16.7209,7612720
2014-10-16,16.4492,16.7134,16.419,16.6303,6170262
2014-10-17,16.7436,17.038,16.6001,16.8493,5017310
2014-10-20,16.736,16.9983,16.6681,16.9814,4275654
2014-10-21,17.0304,17.8759,17.0002,17.8721,9300409
2014-10-22,17.8457,17.8759,17.7249,17.7476,6355874
2014-10-23,17.8155,18.0269,17.7551,18.0193,5298894
2014-10-24,18.0948,18.1779,17.9967,18.1024,5000186
2014-10-27,18.1024,18.3364,17.959,18.3062,4776085
2014-10-28,18.3968,18.578,18.276,18.578,4153222
2014-10-29,18.5629,18.6006,18.3666,18.5402,3744932
2014-10-30,18.5251,18.8195,18.4345,18.7591,3693969
2014-10-31,18.9705,18.9856,18.7365,18.7365,6577340
2014-11-03,18.7591,19.1366,18.7365,19.0234,5338068
2014-11-04,19.0158,19.0309,18.8271,18.8648,7142602
2014-11-05,18.9177,19.0762,18.8346,19.0083,5265752
2014-11-06,18.9403,19.0649,18.6384,18.9252,6364576
2014-11-07,19.0083,19.0347,18.8422,18.8497,6129528
2014-11-10,18.8724,18.9856,18.8573,18.9101,4175616
2014-11-11,18.9479,19.0762,18.895,19.0158,4369306
2014-11-12,18.9328,19.0301,18.9252,18.963,3444728
2014-11-13,19.046,19.4385,19.0007,19.2876,6661836
2014-11-14,19.3178,19.3253,19.046,19.129,3346891
2014-11-17,19.1215,19.3064,19.0762,19.2347,3144529
2014-11-18,19.0385,19.3706,19.0083,19.2196,3380419
2014-11-19,19.2121,19.2121,19.0385,19.1064,2398599
2014-11-20,19.0456,19.3266,19.0153,19.2887,2330987
2014-11-21,19.4785,19.4785,19.2051,19.2355,4490496
2014-11-24,19.2355,19.6304,19.1747,19.5924,6911656
2014-11-25,19.6608,19.8164,19.5241,19.6759,4126564
2014-11-26,19.7215,19.7671,19.5468,19.6949,2818475
2014-11-28,19.7595,19.8962,19.6911,19.8126,1577711
2014-12-01,19.7747,20.0405,19.6987,20.0101,3602096
2014-12-02,20.0253,20.0936,19.8582,19.9721,4495085
2014-12-03,19.9265,20.1316,19.8886,20.086,3209988
2014-12-04,20.0101,20.0708,19.7937,19.9797,3141767
2014-12-05,19.9797,20.086,19.881,20.086,2758387
2014-12-08,20.0936,20.1847,19.8734,19.9114,2795160
2014-12-09,19.7139,19.9038,19.5962,19.7557,2965140
2014-12-10,19.7063,19.7671,19.3114,19.376,4015403
2014-12-11,19.5089,19.7709,19.4481,19.6228,3645738
2014-12-12,19.4329,19.562,19.114,19.1823,3425693
2014-12-15,19.2355,19.4405,18.8824,19.319,6561201
2014-12-16,18.909,19.2887,18.7419,19.0381,5449915
2014-12-17,18.9925,19.2165,18.8254,19.1292,4341775
2014-12-18,19.395,19.5468,19.2279,19.5468,5544004
2014-12-19,19.5468,19.9721,19.5468,19.6114,6521180
2014-12-22,19.6835,19.8468,19.6266,19.7519,2871967
2014-12-23,19.8962,20.2303,19.7595,20.086,2923061
2014-12-24,20.1923,20.2683,20.1468,20.1809,1171224
2014-12-26,20.2683,20.2683,20.124,20.1544,958212
2014-12-29,20.1392,20.1999,19.9265,19.9265,1527270
2014-12-30,19.8506,20.0329,19.7215,19.7595,1431551
2014-12-31,19.805,19.9645,19.4481,19.4823,2537091
2015-01-02,19.5848,19.8278,19.3418,19.4329,2508928
2015-01-05,19.4102,19.5696,19.1292,19.1596,4176985
2015-01-06,19.3266,19.3266,18.8102,18.8634,5315828
2015-01-07,18.909,19.1444,18.7875,19.0381,3040239
2015-01-08,19.1444,19.4823,19.1292,19.3874,3527795
2015-01-09,19.3874,19.5393,19.0381,19.2583,5470815
2015-01-12,19.2583,19.319,18.9621,19.2051,3525503
2015-01-13,19.4329,19.7823,19.0798,19.2431,3892280
2015-01-14,19.076,19.2507,18.9393,19.1444,2886093
2015-01-15,19.152,19.2583,18.8634,18.9166,2904028
2015-01-16,18.9166,19.4937,18.8331,19.4633,4486536
2015-01-20,19.5317,19.6949,19.3266,19.5013,3941453
2015-01-21,19.4633,19.5848,19.3456,19.4557,3257093
2015-01-22,19.5544,20.2683,19.3228,20.2683,6008026
2015-01-23,20.2759,20.7467,20.1696,20.2341,5154633
2015-01-26,20.2151,20.2455,19.9167,20.1885,2473963
2015-01-27,19.8506,20.0025,19.5013,19.6987,4133397
2015-01-28,19.6532,19.7823,19.2583,19.2697,3796909
2015-01-29,19.2279,19.4557,19.0456,19.4405,3199793
2015-01-30,19.2735,19.319,18.7875,18.8102,4128602
2015-02-02,18.9317,18.9849,18.4989,18.9393,3948125
2015-02-03,19.0001,19.3646,18.9925,19.338,2900139
2015-02-04,19.319,19.581,19.1596,19.4405,3041694
2015-02-05,19.4861,19.7595,19.3418,19.7215,3567452
2015-02-06,19.5165,19.6987,18.6584,18.814,6443089
2015-02-09,18.7115,18.8786,18.6128,18.795,3335878
2015-02-10,18.9014,19.2355,18.8026,19.1672,3133799
2015-02-11,19.1292,19.5772,19.1292,19.5468,4637028
2015-02-12,19.6608,19.8886,19.6,19.8582,2678358
2015-02-13,19.9114,20.0177,19.7975,19.9949,2851588
2015-02-17,19.7443,19.9417,19.5924,19.7443,3658934
2015-02-18,19.7215,19.7291,19.3646,19.5089,4780374
2015-02-19,19.4329,19.4709,19.2735,19.4367,3519981
2015-02-20,19.4481,19.5696,19.3038,19.5051,3672322
2015-02-23,19.562,19.5848,19.2203,19.3114,2470926
2015-02-24,19.2656,19.3267,19.1434,19.258,2845515
2015-02-25,19.3191,19.5177,19.2656,19.4719,3129138
2015-02-26,19.5177,19.5635,19.1243,19.1357,3825199
2015-02-27,19.1587,19.342,19.0601,19.2198,3787766
2015-03-02,19.2503,19.3573,19.1739,19.2962,2902351
2015-03-03,19.1357,19.2121,18.8149,18.9142,4076731
2015-03-04,18.7462,18.8684,18.6698,18.6965,3679302
2015-03-05,18.708,18.8302,18.5628,18.8225,2068604
2015-03-06,18.7462,18.7462,18.3871,18.4597,4356893
2015-03-09,18.4406,18.7423,18.41,18.6965,2933288
2015-03-10,18.4864,18.6545,18.2038,18.2191,4771241
2015-03-11,18.2496,18.2802,17.8829,17.9211,3769155
2015-03-12,17.967,18.1312,17.9135,18.1159,3942951
2015-03-13,18.0281,18.1198,17.7225,17.8448,7741989
2015-03-16,17.9746,18.1427,17.925,18.0968,4589144
2015-03-17,18.1121,18.2573,18.0128,18.158,4368276
2015-03-18,18.158,18.7156,18.0052,18.5399,6650164
2015-03-19,18.5399,18.601,18.2955,18.3413,4368565
2015-03-20,18.4635,18.7309,18.4406,18.6239,7102239
2015-03-23,18.5857,18.7538,18.5323,18.6469,4014002
2015-03-24,18.6163,18.7003,18.4177,18.4253,5534050
2015-03-25,18.4559,18.4941,17.8066,17.8066,5406378
2015-03-26,17.7073,17.928,17.585,17.7836,5679209
2015-03-27,17.8677,17.8906,17.6461,17.8409,4053739
2015-03-30,17.9441,18.1045,17.8524,17.9899,3223532
2015-03-31,17.9059,18.0854,17.7836,17.8486,4245659
2015-04-01,17.5239,17.86,17.5239,17.8218,3651162
2015-04-02,17.86,18.051,17.776,17.9899,3130268
2015-04-06,17.8371,18.3031,17.7531,18.2038,3707099
2015-04-07,18.2496,18.2764,18.1274,18.1809,3860312
2015-04-08,18.0586,18.4864,17.967,18.3413,4840631
2015-04-09,18.3413,18.5934,18.2267,18.5055,3564718
2015-04-10,18.5781,19.976,18.4788,19.5406,12753076
2015-04-13,18.9066,19.0899,18.3718,18.4368,11057023
2015-04-14,18.4253,18.5475,18.1121,18.1885,4855443
2015-04-15,18.2955,18.3642,18.135,18.1732,4606210
2015-04-16,18.1427,18.5972,18.1121,18.559,5685262
2015-04-17,18.3336,19.1739,18.2191,18.517,9829793
2015-04-20,18.7156,18.7614,18.433,18.4788,5144242
2015-04-21,18.6163,18.792,18.368,18.41,4501307
2015-04-22,18.5093,18.6621,18.3948,18.6087,3253892
2015-04-23,18.5781,18.9295,18.5323,18.8225,3035600
2015-04-24,18.9371,18.9448,18.7003,18.8455,2575938
2015-04-27,18.876,19.0441,18.7614,18.9677,3461411
2015-04-28,18.9142,19.0861,18.8531,19.0594,3648962
2015-04-29,18.9142,19.0976,18.8607,19.0173,3273285
2015-04-30,18.9066,19.0976,18.8302,19.0403,4438457
2015-05-01,19.0899,19.2733,19.0059,19.2007,2956790
2015-05-04,19.1205,19.4108,19.067,19.342,3064372
2015-05-05,19.2503,19.2885,19.0059,19.0173,3679134
2015-05-06,19.0746,19.1357,18.8378,19.0517,3691188
2015-05-07,19.0059,19.151,18.876,19.0823,2545698
2015-05-08,19.3267,19.5406,18.8913,19.5024,3577946
2015-05-11,19.4108,19.6094,19.2121,19.4299,3640015
2015-05-12,19.3267,19.3726,19.0517,19.2045,3163629
2015-05-13,19.2656,19.3878,19.1625,19.342,2784173
2015-05-14,19.5101,19.8003,19.5101,19.7851,4263312
2015-05-15,19.5635,19.7774,18.5246,18.7003,10951589
2015-05-18,18.708,19.9837,18.708,19.2427,6535201
2015-05-19,19.2045,19.2733,19.1205,19.1739,3843683
2015-05-20,19.2198,19.2885,19.0594,19.1205,2569115
2015-05-21,19.0976,19.2121,19.0288,19.1472,1706349
2015-05-22,19.1434,19.1739,18.9906,18.9944,1921853
2015-05-26,18.9371,18.9906,18.4948,18.5934,3574172
2015-05-27,18.6469,18.9448,18.5475,18.8989,2625452
2015-05-28,18.8455,18.9753,18.7996,18.9524,1619691
2015-05-29,18.9066,18.9524,18.7156,18.8111,3314955
2015-06-01,18.8989,19.1205,18.7232,18.8646,3856152
2015-06-02,18.7691,18.8684,18.601,18.6087,3325517
2015-06-03,18.6087,18.8149,18.5017,18.5781,5551395
2015-06-04,18.433,18.5857,18.2114,18.3642,4323291
2015-06-05,18.3795,18.41,18.1809,18.3336,4105027
2015-06-08,18.3721,18.4182,17.9954,18.0108,4940910
2015-06-09,17.9877,18.0723,17.8263,18.0185,5355480
2015-06-10,18.1261,18.3336,18.103,18.276,3920113
2015-06-11,18.3336,18.4028,18.203,18.2952,3497018
2015-06-12,18.1722,18.2875,18.0877,18.2568,3375173
2015-06-15,18.08,18.1069,17.9185,18.0262,4415186
2015-06-16,17.98,18.2107,17.8955,18.1876,2445929
2015-06-17,18.2645,18.5489,18.2645,18.5258,4355229
2015-06-18,18.5873,18.9025,18.5796,18.8026,4133962
2015-06-19,18.7564,18.8256,18.4566,18.5028,5513107
2015-06-22,18.349,18.4413,18.1876,18.3106,4544980
2015-06-23,18.4182,18.6719,18.3798,18.6411,5198371
2015-06-24,18.5873,18.7488,18.449,18.6296,6578300
2015-06-25,18.6488,18.6719,18.5411,18.5681,3393665
2015-06-26,18.6411,18.6411,18.1645,18.2568,7553104
2015-06-29,18.103,18.2107,17.8494,17.8801,4464681
2015-06-30,18.0492,18.1799,17.7494,17.8724,4220869
2015-07-01,18.0108,18.6104,17.784,17.8417,3555500
2015-07-02,17.8571,17.9032,17.5496,17.7033,3665236
2015-07-06,17.5419,17.6418,17.3497,17.4304,3209597
2015-07-07,17.4189,17.5573,17.1114,17.5188,3687546
2015-07-08,17.6341,17.8032,17.4343,17.5419,6087384
2015-07-09,17.6188,17.8265,17.5111,17.6726,5491347
2015-07-10,17.8955,18.0262,17.7358,17.9262,3364995
2015-07-13,17.9493,18.103,17.9339,18.0031,2105103
2015-07-14,17.98,18.0492,17.9109,18.0185,2219863
2015-07-15,18.4413,18.4413,17.884,17.9185,2485405
2015-07-16,18.08,18.0954,17.8955,17.9954,2337257
2015-07-17,18.0108,18.0569,17.8109,18.0415,3552393
2015-07-20,17.9493,18.0262,17.7879,17.9262,2866116
2015-07-21,18.1876,18.1876,17.6918,17.711,3426741
2015-07-22,17.6188,17.8378,17.5957,17.6495,2429802
2015-07-23,17.7033,17.9993,17.6918,17.8494,2764532
2015-07-24,17.8955,17.9185,17.6226,17.7187,1701568
2015-07-27,17.5726,17.6956,17.4266,17.465,1952829
2015-07-28,17.5265,17.6726,17.2728,17.5034,2854303
2015-07-29,17.5419,17.6111,17.3805,17.5573,2902359
2015-07-30,17.5111,17.5573,17.3651,17.5188,2810374
2015-07-31,17.5957,17.6264,17.4573,17.4804,3119166
2015-08-03,17.5188,17.5573,17.1498,17.2805,3187105
2015-08-04,17.2037,17.3574,17.1037,17.2344,3784008
2015-08-05,17.4573,17.7187,17.3036,17.6034,2645190
2015-08-06,17.5726,17.5957,17.1729,17.1806,2980264
2015-08-07,17.1575,17.4573,17.1498,17.4535,3760376
2015-08-10,17.5803,17.8686,17.5188,17.6111,3579395
2015-08-11,17.4496,17.5803,16.335,16.4042,14904316
2015-08-12,15.6662,16.7347,15.6278,16.6348,10094759
2015-08-13,16.5118,16.6194,16.3043,16.3273,4044920
2015-08-14,16.312,16.6656,16.189,16.6041,4568654
2015-08-17,16.3811,16.827,16.3043,16.8039,3890621
2015-08-18,16.7347,16.8462,16.5579,16.6425,3334232
2015-08-19,16.5733,16.9077,16.5733,16.8039,6456582
2015-08-20,16.5579,16.6425,16.3966,16.4119,5895448
2015-08-21,16.3888,16.6041,16.1044,16.1198,9204854
2015-08-24,15.33,15.9185,14.9816,15.4926,8809433
2015-08-25,15.8565,16.0927,15.3842,15.3997,10216084
2015-08-26,15.7559,16.0036,15.5236,15.9727,7383612
2015-08-27,16.1662,16.2591,15.9301,16.1972,5447238
2015-08-28,16.0811,16.2398,16.0114,16.1353,3584245
2015-08-31,16.0811,16.0811,15.8178,15.8643,4688452
2015-09-01,15.4772,15.6978,15.3842,15.4307,5293798
2015-09-02,15.6165,15.6397,15.1946,15.4384,5509990
2015-09-03,15.4849,15.6785,15.3959,15.4462,7104765
2015-09-04,15.2062,15.3455,15.1675,15.2139,5110966
2015-09-08,15.4772,15.6165,15.3765,15.5546,4045510
2015-09-09,15.6552,15.6785,15.1481,15.2062,5777823
2015-09-10,15.2526,15.5468,15.1829,15.4926,6923659
2015-09-11,15.3765,15.4849,15.33,15.4772,3425171
2015-09-14,15.4849,15.4849,15.2836,15.3378,2730707
2015-09-15,15.423,15.5159,15.3455,15.4152,4645271
2015-09-16,15.4307,15.5623,15.392,15.4462,3389396
2015-09-17,15.4307,15.7559,15.361,15.543,4633642
2015-09-18,15.3842,15.841,15.2991,15.6165,8683839
2015-09-21,15.663,15.7714,15.5778,15.6862,5842009
2015-09-22,15.4926,15.7404,15.2371,15.3688,6616482
2015-09-23,15.3223,15.4772,15.2449,15.4462,3057411
2015-09-24,15.3378,15.4617,15.2294,15.3688,3617997
2015-09-25,15.4539,15.5468,15.3223,15.4384,3673001
2015-09-28,15.3455,15.5352,15.3455,15.4849,7426604
2015-09-29,15.4462,15.5081,14.8965,14.9816,7219294
2015-09-30,15.1133,15.2139,14.9352,15.0745,6672259
2015-10-01,15.1287,15.1442,14.8268,14.9661,7894193
2015-10-02,14.819,15.2333,14.7648,15.2139,5404713
2015-10-05,15.3378,15.8333,15.2526,15.8178,6525181
2015-10-06,15.7636,16.2979,15.5779,16.2591,10171292
2015-10-07,16.3675,16.5146,16.0423,16.143,5655790
2015-10-08,16.1662,16.3675,16.1198,16.2901,5062996
2015-10-09,16.2824,16.3598,16.112,16.2591,3092587
2015-10-12,16.2591,16.3056,16.0888,16.1662,3242842
2015-10-13,16.1585,16.2514,15.9417,15.9727,3198476
2015-10-14,15.9727,16.1585,15.9262,15.9494,4427615
2015-10-15,16.0269,16.2591,15.872,15.9804,5773797
2015-10-16,16.0191,16.0423,15.7636,16.0346,6032282
2015-10-19,16.0269,16.1198,15.934,16.0733,5424199
2015-10-20,16.0269,16.1662,15.9959,16.0346,4345255
2015-10-21,16.1043,16.1507,15.8023,15.8178,3066703
2015-10-22,15.8952,16.1972,15.8952,15.9804,5859623
2015-10-23,16.1662,16.1972,15.7714,15.9804,4185054
2015-10-26,16.0269,16.0772,15.8798,15.9185,3340938
2015-10-27,15.841,15.9262,15.7714,15.8256,2720593
2015-10-28,15.8798,15.9959,15.8101,15.9494,5109234
2015-10-29,15.903,15.9882,15.8101,15.8643,3912293
2015-10-30,15.9262,16.0269,15.872,15.9494,5057634
2015-11-02,15.9882,16.1043,15.9572,16.0269,5479785
2015-11-03,16.0191,16.1507,15.9727,16.143,5597323
2015-11-04,16.2127,16.2359,16.0578,16.1817,5520001
2015-11-05,16.2591,16.5379,16.1275,16.1662,5959326
2015-11-06,16.0733,16.1043,15.392,15.9262,10231027
2015-11-09,15.8256,15.872,15.4539,15.5778,5421658
2015-11-10,15.7946,15.8023,15.4075,15.4617,5449596
2015-11-11,15.5391,15.5546,15.2991,15.4307,3400782
2015-11-12,15.361,15.4849,15.3068,15.361,4891049
2015-11-13,15.9262,15.9262,15.152,15.2604,5025149
2015-11-16,15.2681,15.4772,15.1752,15.4539,4880569
2015-11-17,15.4152,15.5004,15.0126,15.4694,12357873
2015-11-18,15.3765,15.5623,15.361,15.5004,4872923
2015-11-19,15.4614,15.8124,15.4614,15.5979,4240616
2015-11-20,15.6954,15.6954,15.5238,15.555,4672330
2015-11-23,15.6018,15.6603,15.4926,15.516,3671570
2015-11-24,15.4536,15.6096,15.2742,15.4536,5778561
2015-11-25,15.4458,15.6096,15.399,15.4926,3690371
2015-11-27,15.4458,15.5082,15.2118,15.2118,3682782
2015-11-30,15.243,15.399,15.243,15.2742,5731135
2015-12-01,15.2586,15.4146,15.2586,15.399,9558556
2015-12-02,15.2664,15.5589,15.2664,15.3366,6666746
2015-12-03,15.1493,15.5316,15.1415,15.3756,9997003
2015-12-04,15.1493,15.711,15.1493,15.633,8758522
2015-12-07,15.6486,15.7344,15.5706,15.711,5970773
2015-12-08,15.5472,15.7917,15.5238,15.7578,6017043
2015-12-09,15.6018,15.7734,15.5862,15.6096,7623298
2015-12-10,15.5862,15.6954,15.5316,15.555,5825574
2015-12-11,15.3756,15.4536,15.2274,15.3288,6956564
2015-12-14,15.3288,15.4302,15.1728,15.243,7958500
2015-12-15,15.7968,15.8904,15.5706,15.7422,13757993
2015-12-16,15.867,16.023,15.7344,15.9684,6730970
2015-12-17,16.0152,16.0542,15.7188,15.7266,7107796
2015-12-18,15.6564,15.8826,15.6408,15.7656,9658440
2015-12-21,15.7578,15.9294,15.7578,15.9216,6543552
2015-12-22,15.984,16.0621,15.8748,16.0113,6079575
2015-12-23,16.0465,16.2883,15.9918,16.2727,5229673
2015-12-24,16.3273,16.3624,16.2493,16.2727,2808889
2015-12-28,16.2727,16.4911,16.2259,16.4833,5814625
2015-12-29,16.5613,16.7329,16.4755,16.6705,5163337
2015-12-30,16.5535,16.7563,16.5457,16.6081,3136412
2015-12-31,16.5223,16.5613,16.3819,16.3819,4204316
2016-01-04,16.0308,16.2649,15.8826,16.2571,5265245
2016-01-05,16.2571,16.3741,16.0855,16.2883,7229893
2016-01-06,16.1089,16.2883,16.0152,16.2649,6014819
2016-01-07,15.9762,16.3078,15.867,15.9918,8246937
2016-01-08,16.0074,16.1245,15.8904,15.984,7120915
2016-01-11,16.023,16.0855,15.7344,15.8826,8073515
2016-01-12,15.9996,16.2025,15.8631,16.1089,5953096
2016-01-13,16.1947,16.3195,15.7383,15.7968,7016087
2016-01-14,15.8358,16.0308,15.75,15.9762,7983703
2016-01-15,16.4131,16.4131,15.3132,15.3912,14563895
2016-01-19,15.6798,15.711,14.7008,14.8451,14227400
2016-01-20,14.5097,14.7515,14.2834,14.6813,11773530
2016-01-21,14.7671,14.9153,14.6579,14.8061,5699325
2016-01-22,15.0245,15.1884,14.9465,15.1884,5319953
2016-01-25,15.1649,15.1649,14.6735,14.6813,6465594
2016-01-26,14.7437,15.0245,14.7437,15.0011,4752377
2016-01-27,14.9933,15.2508,14.8919,14.9894,5626157
2016-01-28,15.1649,15.3366,15.0089,15.2118,6069590
2016-01-29,15.3522,15.5004,15.2586,15.477,15071265
2016-02-01,15.3522,15.477,15.1805,15.4068,9774192
2016-02-02,15.2898,15.2976,14.9855,15.0323,4218829
2016-02-03,15.1649,15.204,14.7905,15.0401,6545529
2016-02-04,14.9699,15.0635,14.7632,14.9621,9830959
2016-02-05,16.1791,16.4365,15.3288,15.4146,23911749
2016-02-08,15.1649,15.2664,14.7437,15.0089,9719873
2016-02-09,14.8685,14.9699,14.4785,14.6033,8129546
2016-02-10,14.7827,14.9777,14.6325,14.7398,6859315
2016-02-11,14.5175,14.7437,14.4161,14.6423,8295139
2016-02-12,14.6735,15.0167,14.4824,14.9387,6552450
2016-02-16,15.1337,15.3288,14.9153,15.2508,11493625
2016-02-17,15.3756,15.64,15.321,15.5784,7147660
2016-02-18,15.602,15.6963,15.5155,15.5705,4697061
2016-02-19,15.5627,15.7042,15.3898,15.6648,4577907
2016-02-22,15.7985,15.995,15.7513,15.822,5504206
2016-02-23,15.7277,15.7906,15.3426,15.374,5712563
2016-02-24,15.2561,15.3247,14.9535,15.1618,7440142
2016-02-25,15.2326,15.4762,15.0832,15.4605,5894420
2016-02-26,15.5941,15.6413,15.1854,15.2797,5784781
2016-02-29,15.2326,15.3112,15.0754,15.1775,6734564
2016-03-01,15.3033,15.9871,15.2483,15.9399,11197011
2016-03-02,15.9871,16.1757,15.7906,16.0421,11374313
2016-03-03,16.0893,16.1836,15.602,16.1286,9730555
2016-03-04,16.3336,16.5094,15.7576,16.2262,16278454
2016-03-07,16.4117,16.773,16.1481,16.6851,11849802
2016-03-08,16.6363,16.7144,16.4703,16.5484,11165750
2016-03-09,16.5875,17.2513,16.3434,17.1732,11232238
2016-03-10,17.3392,17.3978,17.0268,17.2806,8269233
2016-03-11,17.7981,18.0617,17.72,17.9543,11741421
2016-03-14,17.8664,18.1984,17.8371,18.1007,15701256
2016-03-15,17.8567,18.1007,17.8176,18.0226,7046146
2016-03-16,17.9055,18.2179,17.8859,18.1398,5334802
2016-03-17,18.2179,18.3839,18.13,18.2862,8798055
2016-03-18,18.3936,18.3936,18.1398,18.1593,18272669
2016-03-21,18.6572,18.6854,18.2277,18.4034,9844554
2016-03-22,18.5401,18.6816,18.3058,18.3741,11014472
2016-03-23,18.3643,18.4913,18.0177,18.1984,7587384
2016-03-24,18.1105,18.2765,18.0324,18.2667,7797999
2016-03-28,18.296,18.3058,17.8371,18.0324,10516150
2016-03-29,17.925,18.0422,17.7493,17.9543,8465140
2016-03-30,18.0714,18.091,17.7981,17.9445,5871727
2016-03-31,17.9055,17.9836,17.7883,17.9445,6392941
2016-04-01,17.7883,18.0226,17.6614,17.9738,8805100
2016-04-04,18.0226,18.1984,17.9445,18.1593,7388443
2016-04-05,18.0324,18.0617,17.8762,17.9348,8742878
2016-04-06,17.9152,18.0714,17.7297,18.0617,5318698
2016-04-07,17.9348,18.0519,17.6223,17.7493,5616545
2016-04-08,17.8469,17.9543,17.6126,17.72,8609426
2016-04-11,17.8371,17.9543,17.5296,17.5442,7539984
2016-04-12,17.5149,17.5931,17.4076,17.5442,8293140
2016-04-13,17.6126,17.7395,17.5638,17.7297,5811518
2016-04-14,17.5638,17.6321,17.3783,17.4661,7038671
2016-04-15,17.4954,17.7395,17.4271,17.6126,6310283
2016-04-18,17.5638,17.7688,17.5149,17.6809,4320165
2016-04-19,17.7688,17.8762,17.6028,17.7004,6000005
2016-04-20,17.7102,17.842,17.6028,17.6419,4415732
2016-04-21,17.7981,17.8469,17.6126,17.6712,5301060
2016-04-22,17.5931,17.6419,17.4466,17.5833,7281947
2016-04-25,17.554,17.676,17.4759,17.6712,6058286
2016-04-26,17.6809,17.7785,17.5638,17.6126,7387885
2016-04-27,17.6126,17.7297,17.5345,17.6809,5224628
2016-04-28,16.4898,16.9096,16.1969,16.4605,23284042
2016-04-29,16.2848,16.402,16.1676,16.2506,18406939
2016-05-02,16.6948,16.7925,16.1481,16.3531,14748704
2016-05-03,16.1969,16.3239,16.1188,16.236,8467955
2016-05-04,16.1384,16.3141,16.1286,16.275,5568856
2016-05-05,16.2946,16.3531,16.1188,16.2067,7311282
2016-05-06,16.1872,16.3629,16.0847,16.2165,5154318
2016-05-09,16.2555,16.402,16.1872,16.2457,5098576
2016-05-10,16.2946,16.402,16.1872,16.3824,4703119
2016-05-11,16.3141,16.5191,16.2273,16.3141,4586467
2016-05-12,16.3922,16.5289,16.236,16.4996,11890160
2016-05-13,15.904,16.8022,15.865,16.3922,15918791
2016-05-16,16.4801,16.7632,16.3531,16.5094,13116874
2016-05-17,16.4508,16.7437,16.3922,16.5386,9281048
2016-05-18,16.5679,16.7827,16.4215,16.5972,6908554
2016-05-19,16.4801,16.6656,16.3727,16.4898,5968053
2016-05-20,16.5484,16.6704,16.4898,16.5191,5567144
2016-05-23,16.5094,16.729,16.4312,16.5191,6673494
2016-05-24,16.6167,16.7339,16.5777,16.6656,7010212
2016-05-25,16.6948,16.8706,16.6785,16.8413,10973361
2016-05-26,16.7339,16.9585,16.6558,16.7827,7726505
2016-05-27,16.812,16.8462,16.6216,16.7437,9729076
2016-05-31,16.812,17.0268,16.6948,16.9487,14158549
2016-06-01,16.9096,16.9877,16.8022,16.8999,6833912
2016-06-02,16.7534,17.0073,16.6363,16.9585,7582357
2016-06-03,16.812,16.8511,16.5777,16.8511,6358426
2016-06-06,16.905,16.954,16.7971,16.8462,6036419
2016-06-07,16.8952,17.0668,16.8756,16.9344,5895778
2016-06-08,16.9442,17.1207,16.9344,17.0913,4954090
2016-06-09,16.9736,17.1207,16.9638,17.0521,4960223
2016-06-10,16.8363,17.0325,16.7971,16.9638,5234949
2016-06-13,17.1992,18.2189,17.0128,17.8561,34033365
2016-06-14,17.7875,18.4592,17.7875,18.4053,21376616
2016-06-15,18.3856,18.7288,18.3366,18.621,17875549
2016-06-16,18.6406,19.4741,18.6406,19.3956,24561501
2016-06-17,19.4741,20.2193,19.4054,19.5819,39377188
2016-06-20,20.1997,20.5527,20.0248,20.0722,24091130
2016-06-21,20.1016,20.6704,20.0918,20.5135,12586391
2016-06-22,20.4644,20.6017,20.3664,20.3762,15851672
2016-06-23,20.4644,20.8665,20.4644,20.8273,10549652
2016-06-24,20.0134,20.5086,19.9447,20.033,15979446
2016-06-27,19.8369,19.9104,19.4839,19.5623,16397673
2016-06-28,19.68,19.8663,19.577,19.7388,8893304
2016-06-29,19.8957,20.0624,19.8075,19.9546,12874819
2016-06-30,19.8957,20.2389,19.8957,20.1409,7784720
2016-07-01,20.0526,20.2487,19.9447,20.0624,7711229
2016-07-05,19.9938,20.1409,19.7682,19.9546,7191505
2016-07-06,19.8271,20.0428,19.6506,19.984,6038922
2016-07-07,19.9742,20.1899,19.9742,20.0428,4971504
2016-07-08,20.2095,20.4743,20.0428,20.2977,7467267
2016-07-11,20.4448,20.5136,20.3517,20.3958,3970507
2016-07-12,20.3958,20.6164,20.3566,20.6115,5752171
2016-07-13,20.6409,20.7586,20.5919,20.69,5216624
2016-07-14,20.8076,20.8861,20.5233,20.5331,5181829
2016-07-15,20.6998,20.6998,20.4743,20.5331,4635085
2016-07-18,20.6606,20.788,20.3664,20.3958,6581463
2016-07-19,20.386,20.5233,20.1801,20.2879,15263212
2016-07-20,20.3566,20.3958,20.0624,20.2977,18257118
2016-07-21,20.386,20.5429,19.8467,19.8859,11298880
2016-07-22,19.9742,20.1114,19.6653,20.0918,9802256
2016-07-25,20.0232,20.082,19.8957,19.9546,5047801
2016-07-26,19.9742,20.082,19.8516,19.9742,7726207
2016-07-27,19.9055,20.0134,19.8075,19.8957,4163009
2016-07-28,19.8761,20.1408,19.8271,20.0526,7087691
2016-07-29,20.0722,20.1114,19.8957,20.033,6418758
2016-08-01,20.0918,20.3076,20.0526,20.1507,10240805
2016-08-02,20.1016,20.337,19.984,20.2781,10778619
2016-08-03,20.2487,20.5037,20.0673,20.4939,9366932
2016-08-04,20.5429,20.8076,20.3958,20.6213,12307264
2016-08-05,21.6215,22.1412,21.3764,21.4597,28066521
2016-08-08,21.3273,21.7098,21.2489,21.3568,9762661
2016-08-09,21.2489,21.445,21.1803,21.2391,8522467
2016-08-10,21.2195,21.3371,21.0822,21.3077,5184299
2016-08-11,21.2783,21.8372,21.2489,21.6803,9891684
2016-08-12,21.5725,22.1347,21.5529,22.102,11946804
2016-08-15,22.3177,22.5236,22.2099,22.4354,12762214
2016-08-16,22.3079,22.607,22.2,22.5334,9882511
2016-08-17,22.6119,22.6756,22.3766,22.4746,10893933
2016-08-18,22.4894,22.7943,22.3221,22.7353,8750376
2016-08-19,23.0403,23.4731,22.7353,23.3354,12978810
2016-08-22,23.2075,23.483,23.2075,23.3551,10343164
2016-08-23,23.3059,23.601,23.237,23.483,13292118
2016-08-24,23.4436,23.483,23.178,23.3748,8966713
2016-08-25,23.4043,23.4633,23.2961,23.3453,4449374
2016-08-26,23.4141,23.5617,23.237,23.3354,6717706
2016-08-29,23.6109,23.8273,23.5223,23.7388,8469239
2016-08-30,23.6896,23.7584,23.4633,23.5912,5266793
2016-08-31,23.5125,23.7781,23.3846,23.7388,9406321
2016-09-01,23.7486,23.7781,23.5027,23.7584,6159544
2016-09-02,23.7683,24.0241,23.7584,23.8863,4337926
2016-09-06,23.906,24.4963,23.8863,24.4077,11780510
2016-09-07,24.3094,24.516,24.3094,24.516,8123063
2016-09-08,24.4274,24.7816,24.3487,24.5455,9480770
2016-09-09,24.3487,24.452,23.9763,24.0929,7107356
2016-09-12,23.8765,24.4471,23.7289,24.4471,9883437
2016-09-13,24.693,24.693,24.1421,24.2897,8780376
2016-09-14,24.3684,24.9488,24.0831,24.1815,5866439
2016-09-15,24.3389,24.6242,24.211,24.4668,12576888
2016-09-16,24.4766,24.939,24.4766,24.8013,15882081
2016-09-19,24.8013,24.9537,24.4274,24.4373,9480785
2016-09-20,24.5651,24.6734,24.1224,24.3094,12873023
2016-09-21,24.4864,24.7029,24.3487,24.6734,7489901
2016-09-22,24.8603,24.9291,24.5553,24.6734,4599771
2016-09-23,24.7324,24.8406,24.5061,24.634,6764317
2016-09-26,24.5455,24.6439,24.3684,24.5553,5737875
2016-09-27,24.4766,24.7619,24.4077,24.7521,6917511
2016-09-28,24.8013,24.8996,24.6537,24.8603,6164761
2016-09-29,24.9095,24.9095,24.4569,24.6045,10029683
2016-09-30,24.6832,24.7914,24.575,24.693,10888079
2016-10-03,24.6734,24.7717,24.6291,24.7029,5223976
2016-10-04,24.6734,24.8701,24.5553,24.8406,7202006
2016-10-05,25.303,25.303,24.8308,24.9783,7580736
2016-10-06,24.8898,24.9783,24.7914,24.8898,5872384
2016-10-07,24.939,24.9587,24.7324,24.8013,4135483
2016-10-10,24.8308,24.9587,24.7619,24.8406,6630776
2016-10-11,24.8504,24.8504,24.4274,24.6537,8884536
2016-10-12,24.3389,24.7127,24.27,24.5356,7724941
2016-10-13,24.4766,24.4766,23.6404,23.8863,11881760
2016-10-14,24.0142,24.1716,23.6306,23.6994,7901317
2016-10-17,23.7191,23.9946,23.7093,23.7978,5654641
2016-10-18,24.0339,24.152,23.6699,23.8273,8454910
2016-10-19,23.8371,23.8667,23.6207,23.8371,5389952
2016-10-20,23.7584,23.965,23.6797,23.8076,4183271
2016-10-21,23.8273,23.847,23.6306,23.6896,5837257
2016-10-24,23.788,24.5406,23.788,24.4963,8597452
2016-10-25,24.3881,24.6242,24.3881,24.5848,8325569
2016-10-26,24.4471,24.7619,24.4176,24.6242,8319604
2016-10-27,24.7324,24.7816,24.4963,24.5258,7365345
2016-10-28,24.2307,24.6143,24.2307,24.4766,6069225
2016-10-31,24.6242,24.7717,24.5651,24.6242,6056789
2016-11-01,24.7226,24.9193,24.5381,24.8111,8693134
2016-11-02,24.8209,24.9685,24.7127,24.8209,12137864
2016-11-03,24.8406,25.057,24.7127,25.0374,12643519
2016-11-04,22.8829,24.6635,22.391,23.1091,24774918
2016-11-07,23.7388,24.0831,23.5027,24.0044,11673980
2016-11-08,24.0044,24.3094,23.7978,24.3094,8529410
2016-11-09,22.8927,24.7324,22.8741,24.4373,9624597
2016-11-10,24.516,24.9528,24.4963,24.6439,11951803
2016-11-11,24.4864,24.7029,24.4373,24.5947,12335047
2016-11-14,24.6439,24.6635,24.211,24.2307,10882819
2016-11-15,24.3192,24.3193,23.8273,23.8273,9144726
2016-11-16,23.8273,23.8667,23.2961,23.5125,12912457
2016-11-17,23.5766,23.626,23.2904,23.5174,9184123
2016-11-18,23.6161,23.6655,23.251,23.4385,6648611
2016-11-21,23.5372,24.6622,22.8957,24.1984,25801011
2016-11-22,24.1786,24.829,24.1194,24.7806,13273251
2016-11-23,24.7313,25.2149,24.3958,24.5241,10960343
2016-11-25,24.4747,24.6523,24.2181,24.4944,3645594
2016-11-28,24.455,24.5043,23.9122,24.08,8095539
2016-11-29,24.1096,24.3168,23.9171,24.001,7357933
2016-11-30,24.0405,24.3859,23.9319,24.0701,9629182
2016-12-01,24.0405,24.0701,23.1918,23.4483,10151062
2016-12-02,23.3891,23.5766,23.0339,23.2016,9204996
2016-12-05,23.399,24.0405,23.2806,24.0306,9095097
2016-12-06,23.9517,24.0405,23.6408,23.8826,11043220
2016-12-07,23.8135,24.2872,23.5569,24.1194,9827304
2016-12-08,24.149,24.3958,23.9714,24.2379,6483101
2016-12-09,24.2675,24.5438,24.1589,24.4944,9532839
2016-12-12,24.4944,24.603,24.3513,24.376,6064645
2016-12-13,24.4944,24.7807,24.4352,24.5833,4856874
2016-12-14,24.6227,24.7214,24.4204,24.5142,7303326
2016-12-15,24.3168,24.6129,24.1293,24.4747,7206708
2016-12-16,24.5438,24.5635,23.6359,23.7642,10620903
2016-12-19,23.7543,23.9319,23.6359,23.9023,4632586
2016-12-20,23.8924,24.1392,23.7839,23.8332,4320853
2016-12-21,23.8628,24.0405,23.7345,23.9319,2456937
2016-12-22,23.9221,23.9418,23.6951,23.7938,3664258
2016-12-23,23.7839,23.9221,23.6852,23.8234,3387440
2016-12-27,23.8826,24.1885,23.774,24.0405,4184123
2016-12-28,24.149,24.149,23.774,23.8332,2739746
2016-12-29,23.774,24.0109,23.7444,23.9122,3071275
2016-12-30,23.9122,24.0503,23.5076,23.5766,3747121
2017-01-03,23.626,23.7444,23.4582,23.6951,6176076
2017-01-04,23.7642,24.08,23.626,23.9023,5506707
2017-01-05,23.8826,24.3958,23.825,24.3267,7982791
2017-01-06,24.3267,24.7313,24.228,24.682,6615400
2017-01-09,24.7412,24.7708,24.6326,24.6622,4309056
2017-01-10,24.7116,24.9188,24.603,24.8004,3859933
2017-01-11,24.7708,25.1606,24.7214,25.1359,3968070
2017-01-12,25.0471,25.3925,24.8695,25.3629,4597993
2017-01-13,25.3728,25.8366,25.3037,25.7971,5102714
2017-01-17,25.728,25.886,25.4468,25.8563,6600653
2017-01-18,25.9057,26.3399,25.8662,26.0636,9641811
2017-01-19,26.1031,26.33,26.034,26.2116,7631845
2017-01-20,26.3498,26.4781,26.2215,26.3004,5620118
2017-01-23,26.3004,26.4781,26.2116,26.409,5430363
2017-01-24,26.3991,27.0998,26.3991,26.9913,6056952
2017-01-25,27.0702,27.2676,26.8334,26.9024,16575391
2017-01-26,26.9518,27.0702,26.6952,26.8531,8121556
2017-01-27,26.932,27.0505,26.7741,26.9913,6373144
2017-01-30,26.9814,27.0406,26.6952,26.9123,5014878
2017-01-31,26.7643,27.1985,26.6458,27.1886,9917927
2017-02-01,27.2873,27.3367,26.6064,26.8926,12311307
2017-02-02,26.2708,27.4748,26.0898,27.3959,15998170
2017-02-03,27.5044,28.1459,27.3021,28.0374,6991006
2017-02-06,27.9979,28.0818,27.7512,27.8893,7386244
2017-02-07,27.9683,28.2249,27.7906,28.067,5406782
2017-02-08,28.0275,28.3334,27.9091,28.2347,5696325
2017-02-09,28.2446,28.7578,28.1459,28.6097,6465410
2017-02-10,28.6986,28.8762,28.5555,28.6394,4720263
2017-02-13,28.7183,28.965,28.6295,28.6788,3748501
2017-02-14,28.6394,28.7282,28.1657,28.3038,11324198
2017-02-15,28.2494,28.3285,27.9031,28.2197,8520452
2017-02-16,27.9921,28.3285,27.6797,28.1702,9734590
2017-02-17,28.1603,28.524,28.0317,28.4968,5580407
2017-02-21,28.4671,28.8777,28.3978,28.5067,7516272
2017-02-22,28.4968,28.6155,28.2593,28.2989,7240753
2017-02-23,28.3384,28.4572,28.1999,28.2791,4043872
2017-02-24,28.3384,28.5363,28.0978,28.5363,3740755
2017-02-27,28.4968,28.5355,28.19,28.378,2732665
2017-02-28,28.3187,28.4176,28.1208,28.2692,3889824
2017-03-01,28.4473,28.8827,28.3681,28.7837,4361137
2017-03-02,28.6551,29.1597,28.4077,28.8925,9702742
2017-03-03,28.8035,28.9915,28.5957,28.9123,6371223
2017-03-06,28.0317,28.8728,27.9229,28.8134,5779870
2017-03-07,28.8233,29.0707,28.6947,28.9816,4059747
2017-03-08,28.942,29.3873,28.9123,29.318,5740655
2017-03-09,29.2883,29.4368,29.0805,29.2883,8591001
2017-03-10,29.5258,29.7435,29.2685,29.7138,8442754
2017-03-13,29.793,30.7725,29.7237,30.4262,9691116
2017-03-14,30.3768,30.4658,29.9562,30.3223,4172250
2017-03-15,30.4658,30.4856,30.1096,30.3965,5717493
2017-03-16,30.4361,30.6043,30.258,30.4064,4501960
2017-03-17,30.4856,30.6538,30.3075,30.3768,7362748
2017-03-20,30.3965,30.6934,30.3174,30.4559,4179714
2017-03-21,30.5845,30.6241,29.6347,29.6841,6221143
2017-03-22,29.8622,30.446,29.8325,30.3372,4899219
2017-03-23,30.3075,30.5697,30.3075,30.3768,3431461
2017-03-24,30.4163,30.6241,30.0601,30.1492,4623135
2017-03-27,29.8721,30.2333,29.4516,30.1492,7228895
2017-03-28,30.1888,30.3866,29.9018,30.0403,8159171
2017-03-29,29.9414,30.634,29.9315,30.5054,6798219
2017-03-30,30.4955,30.6339,30.2085,30.3273,6491061
2017-03-31,30.1195,30.6241,30.0552,30.357,7294717
2017-04-03,30.3669,30.5351,29.7138,29.9216,5509831
2017-04-04,29.9711,30.1541,29.8128,30.0601,5559256
2017-04-05,30.1492,30.3075,29.8325,29.9612,4913035
2017-04-06,29.9612,30.2382,29.8375,30.2382,5197385
2017-04-07,30.1888,30.4856,29.9711,30.4856,5680116
2017-04-10,30.3866,30.6241,30.1937,30.3372,4687467
2017-04-11,30.2877,30.4163,29.788,30.0799,4322454
2017-04-12,29.7534,30.075,29.6742,29.7336,4874288
2017-04-13,29.7435,30.1789,29.5852,29.7237,5023938
2017-04-17,29.7435,30.0502,29.7435,29.9315,4553709
2017-04-18,29.9117,30.2481,29.8029,30.0799,3528155
2017-04-19,30.2679,30.4163,30.0205,30.0898,3566094
2017-04-20,30.2976,30.2976,30.0304,30.1789,3766148
2017-04-21,30.258,30.5054,30.2432,30.3768,4896326
2017-04-24,30.7528,30.8715,30.5648,30.6439,4631873
2017-04-25,30.733,30.921,30.6637,30.921,5075218
2017-04-26,30.9803,31.109,30.7033,30.921,4173090
2017-04-27,30.9704,31.2079,30.7725,31.1485,3181850
2017-04-28,31.2178,31.3365,30.9506,31.297,5017090
2017-05-01,31.3266,31.8709,31.2673,31.7818,5220479
2017-05-02,31.7818,31.8412,31.4701,31.574,5525660
2017-05-03,31.6235,31.7323,31.4553,31.5839,3572942
2017-05-04,31.861,32.2073,31.6532,31.8807,6600490
2017-05-05,31.9995,32.0687,31.6928,31.9599,4320769
2017-05-08,31.9896,32.1083,31.7026,32.1083,5363371
2017-05-09,32.1677,32.1974,31.8906,32.0292,4616445
2017-05-10,32.1083,32.8702,32.049,32.7911,8958980
2017-05-11,30.6736,31.762,30.5845,31.1288,21625102
2017-05-12,31.1584,31.1683,30.6043,30.6835,8377225
2017-05-15,32.0885,32.3062,31.4949,31.6631,15341374
2017-05-16,31.8313,31.8709,30.8814,30.9902,7881578
2017-05-17,30.7033,30.8319,29.5852,29.8029,13582908
2017-05-18,29.6445,29.7435,28.942,29.4269,10483104
2017-05-19,29.2982,29.4269,28.5858,28.7144,14225247
2017-05-22,28.853,29.3279,28.7045,29.2685,8235789
2017-05-23,29.3774,29.5209,28.9123,29.4763,6329305
2017-05-24,29.6149,29.7534,29.417,29.5555,7556122
2017-05-25,29.5852,29.9216,29.5258,29.6347,6848133
2017-05-26,29.5852,29.6347,29.1894,29.2982,7196796
2017-05-30,29.9612,30.5252,29.6248,29.7435,19180395
2017-05-31,29.8622,30.07,29.2933,29.9909,17108550
2017-06-01,30.0403,30.164,29.5159,30.0205,7092671
2017-06-02,29.9315,29.9798,29.4813,29.7633,6413131
2017-06-05,29.6294,30.0956,29.6294,29.8277,6593385
2017-06-06,29.669,30.1948,29.669,30.0261,5582637
2017-06-07,30.0361,30.1253,29.7978,30.0261,6807927
2017-06-08,29.7583,30.0956,28.7564,29.8674,14262312
2017-06-09,29.9369,30.1055,29.1929,29.4706,16404904
2017-06-12,29.2127,29.4607,28.687,29.2921,6958396
2017-06-13,29.4012,29.4706,28.94,29.0739,8622785
2017-06-14,29.2822,29.4012,28.5878,28.8556,8157811
2017-06-15,28.6275,28.6473,28.1018,28.1811,8680051
2017-06-16,28.1018,28.3993,27.9579,28.2208,11774619
2017-06-19,28.3597,28.6672,28.32,28.6473,5491975
2017-06-20,28.6573,28.7356,28.3299,28.3299,4941312
2017-06-21,28.4886,28.7564,28.4291,28.7168,3866285
2017-06-22,28.7168,28.816,28.4291,28.5779,4513257
2017-06-23,28.5878,28.6077,28.0621,28.3002,19215002
2017-06-26,28.3002,28.687,28.2406,28.6275,4617148
2017-06-27,28.4787,28.5085,27.824,27.8835,6960191
2017-06-28,28.072,28.6771,27.8439,28.6573,6815375
2017-06-29,28.5779,28.7069,27.4868,27.8339,6104007
2017-06-30,28.0224,28.201,27.7843,28.0224,4932468
2017-07-03,28.2208,28.6672,27.2487,27.2487,3634174
2017-07-05,27.2388,27.6256,27.09,27.5661,4573893
2017-07-06,27.4074,27.5364,27.1098,27.4967,6323162
2017-07-07,27.5364,28.3597,27.5264,28.1811,5607746
2017-07-10,28.2208,28.7961,28.1117,28.7664,7507020
2017-07-11,28.7862,28.8556,28.5581,28.7763,6517445
2017-07-12,29.0044,29.8277,28.9747,29.679,8388488
2017-07-13,29.8178,30.2642,29.6889,30.1154,8042774
2017-07-14,30.1749,30.1749,29.679,29.8377,6885523
2017-07-17,29.8674,30.3039,29.7484,30.2741,6484357
2017-07-18,30.2543,30.3535,29.9865,30.3237,4351541
2017-07-19,30.3138,30.8207,30.17,30.7701,6564232
2017-07-20,30.6709,30.9387,30.1154,30.9189,7894952
2017-07-21,30.7602,31.276,30.6659,30.9288,8069350
2017-07-24,30.9586,30.9784,30.6907,30.8296,7141810
2017-07-25,30.8495,31.3157,30.7503,31.2661,5209442
2017-07-26,31.2958,31.3752,30.8296,31.0181,6429671
2017-07-27,30.6709,31.2264,30.3039,30.6907,5907506
2017-07-28,30.6114,30.8296,30.5419,30.78,3742288
2017-07-31,30.8197,30.8495,30.4031,30.7403,5438775
2017-08-01,30.909,30.9834,30.656,30.9387,6356818
2017-08-02,30.9982,30.9982,30.3932,30.661,10601139
2017-08-03,30.0559,31.3653,29.9567,30.0261,14451478
2017-08-04,30.1452,30.2344,28.8904,28.935,10692839
2017-08-07,28.816,28.8556,28.2208,28.6374,20837561
2017-08-08,28.5878,28.6473,28.1514,28.2605,8182872
2017-08-09,28.0323,28.4192,27.9381,28.3696,10840011
2017-08-10,28.1315,28.2605,27.5364,27.6157,8540202
2017-08-11,27.4669,28.1613,27.4421,28.0621,8432879
2017-08-14,28.3696,28.439,28.1365,28.3398,7873963
2017-08-15,28.3398,28.3696,28.072,28.1811,4213306
2017-08-16,28.1613,28.2555,27.9976,28.072,4436090
2017-08-17,27.9775,28.1565,27.6642,27.888,7562347
2017-08-18,27.7985,28.4052,27.7885,28.2958,7202238
2017-08-21,28.2361,28.3853,27.888,27.9875,4275355
2017-08-22,27.8582,28.7135,27.8582,28.6041,4910593
2017-08-23,28.5345,29.2108,28.4848,29.0517,7929543
2017-08-24,29.0815,29.2605,28.8925,29.2207,5116343
2017-08-25,29.35,29.5191,29.2108,29.3103,4326262
2017-08-28,29.4296,29.8473,29.1014,29.7578,5855167
2017-08-29,29.4893,29.6882,29.2655,29.5291,5745522
2017-08-30,29.539,29.7429,29.4893,29.728,4665805
2017-08-31,29.8374,29.9667,29.6683,29.8175,4337251
2017-09-01,29.9766,29.9866,29.539,29.6981,4885016
2017-09-05,29.6981,29.7777,29.2904,29.6484,5566611
2017-09-06,29.7877,29.7976,29.3799,29.4395,6076228
2017-09-07,29.5788,30.4839,29.4594,30.4341,7395983
2017-09-08,31.3292,32.3238,31.1801,31.4585,11809655
2017-09-11,31.7768,32.5824,31.6575,32.5725,9475678
2017-09-12,32.7316,33.6864,32.4929,33.5472,9938643
2017-09-13,33.5372,33.9848,32.8112,32.9007,9084026
2017-09-14,32.6918,33.1294,32.1945,32.7714,7175504
2017-09-15,32.7913,33.3284,32.4332,33.0598,9577891
2017-09-18,33.0897,33.6566,33.0399,33.5869,5307341
2017-09-19,33.8157,33.9748,33.5372,33.9748,5665809
2017-09-20,33.9947,34.0146,33.209,33.5372,5238876
2017-09-21,33.4577,33.4875,32.851,32.8609,5434963
2017-09-22,32.7217,32.9988,32.3238,32.841,4274372
2017-09-25,32.6819,32.7614,32.3238,32.6719,5199196
2017-09-26,32.7813,33.03,32.2741,32.5625,5040475
2017-09-27,32.8808,33.1593,32.5526,32.8708,4498870
2017-09-28,32.7117,32.9206,32.2244,32.8907,3722133
2017-09-29,32.9803,33.1493,32.5451,32.6321,5216229
2017-10-02,32.8211,32.8957,32.5625,32.6023,5429175
2017-10-03,32.6918,33.1095,32.5725,32.841,4148583
2017-10-04,32.7416,33.1195,32.4631,33.0698,4162807
2017-10-05,33.2488,33.5671,33.1394,33.5173,3968570
2017-10-06,33.3781,33.7361,33.2333,33.7361,3723227
2017-10-09,32.7117,33.0698,32.0056,32.4531,8165742
2017-10-10,31.0906,31.8166,31.0408,31.4188,7994035
2017-10-11,31.2099,31.6077,31.1303,31.4387,5287518
2017-10-12,31.4088,32.0255,31.4088,31.7271,3770596
2017-10-13,31.9658,32.3139,31.9011,32.1846,3356123
2017-10-16,32.2443,32.3039,31.8464,31.8862,2966384
2017-10-17,31.8464,31.9956,31.7569,31.8365,2169932
2017-10-18,31.8663,32.0255,31.7519,31.9757,2377131
2017-10-19,31.7967,32.1945,31.6774,32.1548,3897004
2017-10-20,32.3835,32.6023,32.2244,32.483,2957229
2017-10-23,32.5426,32.5824,31.9807,32.0453,2893313
2017-10-24,32.0354,32.1945,31.7569,32.1846,2433496
2017-10-25,32.0951,32.5029,31.8713,32.0056,3249905
2017-10-26,32.115,32.2741,31.6724,31.6873,4765644
2017-10-27,31.5083,32.1548,31.4884,31.9161,4024564
2017-10-30,31.8962,32.2642,31.7171,32.2343,4051688
2017-10-31,32.2542,32.7714,32.1448,32.3238,5542776
2017-11-01,32.0255,32.5426,31.5978,31.9857,10361680
2017-11-02,29.1611,30.0651,28.1764,29.2207,26676870
2017-11-03,28.8527,29.7877,28.7135,29.7131,10995542
2017-11-06,29.6882,29.7081,28.7194,28.7433,7584810
2017-11-07,28.8329,28.9124,28.3853,28.5245,10096444
2017-11-08,28.5245,28.9323,28.4251,28.8726,6744822
2017-11-09,28.6936,28.7931,28.3256,28.435,5372037
2017-11-10,28.256,28.2858,27.8383,28.2063,4592861
2017-11-13,27.9676,28.1267,27.6791,27.8184,4691248
2017-11-14,27.7587,28.0571,27.4504,27.9477,5308029
2017-11-15,27.8283,28.0272,27.3211,27.5598,5277385
2017-11-16,27.4603,28.2759,27.4504,28.1267,5033342
2017-11-17,28.0918,28.2314,27.8126,27.9622,3494891
2017-11-20,27.9223,28.1566,27.8225,28.1117,3271828
2017-11-21,28.1816,28.1915,27.5932,28.032,5762198
2017-11-22,28.0818,28.4009,27.9522,28.3511,4634778
2017-11-24,28.3611,28.5904,28.3411,28.4807,2067327
2017-11-27,28.5206,28.8597,28.4608,28.7599,4602892
2017-11-28,28.7899,29.0192,28.3411,28.8896,6315863
2017-11-29,28.8896,29.2087,28.3212,28.4907,6691190
2017-11-30,28.5904,29.0092,28.4309,28.8896,8239839
2017-12-01,28.8896,29.1987,28.6802,29.0292,7578892
2017-12-04,29.0292,29.0292,27.4835,27.673,11549722
2017-12-05,27.6829,28.0719,27.2392,27.3638,6044076
2017-12-06,27.4336,27.5932,27.1045,27.284,4403453
2017-12-07,27.304,27.663,27.1295,27.4835,6012142
2017-12-08,27.7029,28.0021,27.5832,27.9023,3198631
2017-12-11,27.8824,29.2586,27.8282,29.1389,8098243
2017-12-12,29.1189,29.1788,28.6851,28.8397,5834805
2017-12-13,28.8597,28.9816,28.3012,28.5505,6166118
2017-12-14,28.6403,29.0591,28.5207,28.6702,5754469
2017-12-15,29.0192,29.0192,28.6153,28.8996,9642757
2017-12-18,29.0691,29.1189,28.2663,28.5705,5149005
2017-12-19,28.4807,28.6602,28.022,28.2314,4968977
2017-12-20,28.3411,28.4109,27.8114,28.0818,5607674
2017-12-21,28.2912,28.6602,27.9971,28.4009,3898930
2017-12-22,28.4009,28.5306,27.9831,28.2414,2643920
2017-12-26,28.1816,28.3012,28.0419,28.1516,1788902
2017-12-27,27.8525,28.391,27.8225,28.371,2794470
2017-12-28,28.3411,28.4309,28.1417,28.4009,3103356
2017-12-29,28.381,28.5605,27.9422,27.9821,2844493
2018-01-02,28.1816,28.9644,27.9721,28.8297,5539615
2018-01-03,28.73,29.084,28.6203,28.8297,4273651
2018-01-04,29.1189,29.1688,28.7101,28.8896,5283013
2018-01-05,29.1189,29.4879,28.8497,29.4281,5086312
2018-01-08,29.3184,29.5677,29.112,29.4879,4742680
2018-01-09,29.4381,29.6475,28.8796,28.9295,4580908
2018-01-10,28.7001,28.9793,28.3012,28.5804,8636928
2018-01-11,28.4209,28.9943,28.4209,28.6901,3685127
2018-01-12,29.3782,29.4331,28.4408,28.74,10488351
2018-01-16,28.8497,28.8696,27.7627,27.7926,7504743
2018-01-17,28.032,28.3022,27.3588,27.4436,15786228
2018-01-18,26.4165,27.3987,25.5788,27.1744,12557451
2018-01-19,27.1744,27.6231,26.96,27.3838,7871580
2018-01-22,26.6807,27.0746,26.2918,26.4663,11278625
2018-01-23,26.4663,26.6359,26.2868,26.5361,9058581
2018-01-24,26.6658,27.2642,26.586,26.7256,7351182
2018-01-25,26.9151,27.0846,26.7954,27.0746,4800698
2018-01-26,27.1444,27.6331,27.0248,27.6331,5616304
2018-01-29,27.3838,27.5633,26.9849,26.9949,4746575
2018-01-30,26.9849,27.0746,26.5062,26.5461,5232208
2018-01-31,26.5162,27.2342,26.4364,27.1544,8203195
2018-02-01,26.2769,28.012,25.7782,27.284,13743375
2018-02-02,27.0846,27.3339,26.6309,26.945,8481885
2018-02-05,26.8154,27.9322,26.6957,26.7156,12943682
2018-02-06,26.3965,27.0248,25.858,27.0048,10022241
2018-02-07,27.0048,27.3339,26.4763,26.5062,5519943
2018-02-08,26.5361,26.7156,25.519,25.519,8028514
2018-02-09,25.8979,26.1472,24.8708,25.8381,10722976
2018-02-12,26.0375,26.3367,25.7683,26.0275,9016663
2018-02-13,26.0275,26.566,25.7184,26.5062,5147909
2018-02-14,26.2868,27.0946,26.237,26.945,6464256
2018-02-15,27.0946,27.673,26.9649,27.6231,5167554
2018-02-16,27.673,27.7178,27.3239,27.4735,7371291
2018-02-20,27.3539,27.9123,26.8253,26.945,4801534
2018-02-21,27.08,27.56,26.9,27.03,5603253
2018-02-22,27.08,27.46,26.95,26.98,3406181
2018-02-23,27.23,27.43,27.04,27.43,3416051
2018-02-26,27.4,27.52,27.0,27.23,4460656
2018-02-27,27.32,27.4,26.175,26.32,7159049
2018-02-28,26.47,26.92,26.27,26.29,6592833
2018-03-01,26.34,26.66,25.99,26.51,6137871
2018-03-02,26.25,26.98,26.145,26.91,4289642
2018-03-05,26.72,27.1375,26.45,27.09,5602346
2018-03-06,27.19,27.24,26.9,26.96,3507781
2018-03-07,26.93,27.28,26.8033,27.24,2663841
2018-03-08,27.31,27.675,27.155,27.63,3935415
2018-03-09,27.72,27.87,27.52,27.85,5312061
2018-03-12,27.86,28.05,27.48,27.76,3738573
2018-03-13,27.8,27.915,27.28,27.34,4961520
2018-03-14,27.52,27.67,27.235,27.37,4917572
2018-03-15,27.33,27.57,26.89,27.54,4110660
2018-03-16,27.66,27.9,27.36,27.37,7796621
2018-03-19,27.15,27.3,26.26,26.67,10781942
2018-03-20,26.74,26.85,26.26,26.52,5014055
2018-03-21,26.49,27.13,26.46,26.93,3544362
2018-03-22,26.63,26.9,26.5,26.6,5455879
2018-03-23,26.49,26.72,25.7,25.7,5321337
2018-03-26,26.05,26.255,25.7,26.21,5675579
2018-03-27,26.36,26.575,25.36,25.51,4785386
2018-03-28,25.56,25.96,25.22,25.64,6074133
2018-03-29,25.79,26.09,25.425,25.85,5819136
2018-04-02,25.81,25.81,24.93,25.2,6352654
2018-04-03,25.44,25.76,25.135,25.68,4699487
2018-04-04,25.36,26.16,25.08,26.1,4439543
2018-04-05,26.28,26.51,26.015,26.15,4954327
2018-04-06,26.06,26.799,25.62,26.0,5567510
2018-04-09,26.04,26.39,25.95,25.98,3052436
2018-04-10,26.37,26.51,26.11,26.45,4774663
2018-04-11,26.3,27.01,26.22,26.83,3840556
2018-04-12,26.94,27.73,26.9,27.6,6466323
2018-04-13,27.7,27.77,27.34,27.52,4465252
2018-04-16,27.67,28.05,27.495,27.75,3612769
2018-04-17,27.94,28.13,27.77,27.92,3005226
2018-04-18,27.95,28.0766,27.86,27.91,3767992
2018-04-19,27.86,27.94,27.52,27.85,3273355
2018-04-20,27.79,27.85,27.435,27.71,4192129
2018-04-23,27.77,27.87,27.61,27.76,4658430
2018-04-24,27.95,28.2,27.46,27.69,6123070
2018-04-25,27.74,28.49,27.38,28.48,7048444
2018-04-26,28.6,29.18,28.58,28.64,13839587
2018-04-27,28.3,28.57,27.6,27.8,7498634
2018-04-30,27.93,27.97,27.515,27.79,3641011
2018-05-01,27.74,27.78,27.24,27.67,3534612
2018-05-02,27.6,28.27,27.48,27.92,4540011
2018-05-03,27.78,27.85,27.18,27.73,3687540
2018-05-04,27.53,27.94,27.07,27.84,4493792
2018-05-07,28.0,28.5596,27.9,28.44,4983501
2018-05-08,28.32,28.73,28.32,28.6,3780364
2018-05-09,28.67,28.87,28.37,28.75,4720369
2018-05-10,28.87,29.2,28.63,29.18,7858081
2018-05-11,20.02,20.1,18.85,19.52,112357800
2018-05-14,21.16,21.89,21.01,21.4,54751428
2018-05-15,22.0,22.4,21.2,22.33,36337248
2018-05-16,21.91,22.68,21.88,22.35,15467098
2018-05-17,22.3,22.79,22.1601,22.32,12088241
2018-05-18,22.36,22.49,22.17,22.19,8912877
2018-05-21,22.26,22.32,21.43,21.59,10905493
2018-05-22,21.71,21.83,21.31,21.37,11104928
2018-05-23,21.19,21.51,21.12,21.32,8689765
2018-05-24,21.31,21.49,20.96,20.99,8549022
2018-05-25,20.98,21.14,20.8,21.06,5498891
2018-05-29,20.84,21.11,20.67,21.02,8113887
2018-05-30,21.02,21.24,20.81,21.05,7122235
2018-05-31,21.04,21.195,20.75,20.78,7596282
2018-06-01,20.79,21.15,20.685,21.02,5381101
2018-06-04,20.95,21.28,20.76,21.15,9900630
2018-06-05,21.2,21.455,21.08,21.34,6756361
